,trp1_l61_2mM,his1_l61_2mM,trp1_l62_2mM,his1_l62_2mM
DBD:Jerala_P1:AD:Jerala_P1,14,9.0,5,13
DBD:Jerala_P1:AD:Jerala_P2,1356,62934.0,1523,53793
DBD:Jerala_P1:AD:Jerala_P3,3068,215.0,4103,210
DBD:Jerala_P1:AD:Jerala_P4,1644,129.0,2693,167
DBD:Jerala_P1:AD:Jerala_P5,2895,251.0,5479,289
DBD:Jerala_P1:AD:Jerala_P6,4762,381.0,3346,184
DBD:Jerala_P1:AD:Jerala_P7,3556,281.0,2158,3621
DBD:Jerala_P1:AD:Jerala_P8,2271,171.0,3075,158
DBD:Jerala_P1:AD:Jerala_P9,2007,951.0,3525,167
DBD:Jerala_P1:AD:Jerala_P10,4838,250.0,5302,289
DBD:Jerala_P1:AD:Jerala_P11,2468,144.0,2414,114
DBD:Jerala_P1:AD:Jerala_P12,2808,1334.0,2235,136
DBD:Jerala_P2:AD:Jerala_P1,571,31951.0,1811,51509
DBD:Jerala_P2:AD:Jerala_P2,48,10.0,23,6
DBD:Jerala_P2:AD:Jerala_P3,3980,599.0,2610,141
DBD:Jerala_P2:AD:Jerala_P4,2330,211.0,2812,175
DBD:Jerala_P2:AD:Jerala_P5,5504,1073.0,5276,356
DBD:Jerala_P2:AD:Jerala_P6,3296,1184.0,4938,290
DBD:Jerala_P2:AD:Jerala_P7,4359,341.0,4089,289
DBD:Jerala_P2:AD:Jerala_P8,4395,363.0,2798,180
DBD:Jerala_P2:AD:Jerala_P9,1814,138.0,1772,128
DBD:Jerala_P2:AD:Jerala_P10,3133,253.0,2418,187
DBD:Jerala_P2:AD:Jerala_P11,3345,247.0,1720,94
DBD:Jerala_P2:AD:Jerala_P12,3622,349.0,3162,175
DBD:Jerala_P3:AD:Jerala_P1,1615,117.0,3445,194
DBD:Jerala_P3:AD:Jerala_P2,3416,241.0,4677,1749
DBD:Jerala_P3:AD:Jerala_P3,1540,158.0,1676,3723
DBD:Jerala_P3:AD:Jerala_P4,269,11454.0,1106,11380
DBD:Jerala_P3:AD:Jerala_P5,2565,192.0,1660,106
DBD:Jerala_P3:AD:Jerala_P6,1728,110.0,1552,95
DBD:Jerala_P3:AD:Jerala_P7,2176,141.0,1893,537
DBD:Jerala_P3:AD:Jerala_P8,1716,120.0,2795,1792
DBD:Jerala_P3:AD:Jerala_P9,2965,175.0,1690,97
DBD:Jerala_P3:AD:Jerala_P10,3781,256.0,3994,236
DBD:Jerala_P3:AD:Jerala_P11,1641,95.0,912,54
DBD:Jerala_P3:AD:Jerala_P12,1691,116.0,1037,77
DBD:Jerala_P4:AD:Jerala_P1,2322,174.0,3790,209
DBD:Jerala_P4:AD:Jerala_P2,2577,713.0,1817,102
DBD:Jerala_P4:AD:Jerala_P3,1484,79476.0,1087,70559
DBD:Jerala_P4:AD:Jerala_P4,9,3.0,5,4
DBD:Jerala_P4:AD:Jerala_P5,4121,341.0,4110,229
DBD:Jerala_P4:AD:Jerala_P6,4917,347.0,1570,97
DBD:Jerala_P4:AD:Jerala_P7,3106,236.0,2778,670
DBD:Jerala_P4:AD:Jerala_P8,2262,193.0,2830,174
DBD:Jerala_P4:AD:Jerala_P9,4152,360.0,1438,96
DBD:Jerala_P4:AD:Jerala_P10,4647,966.0,4222,2446
DBD:Jerala_P4:AD:Jerala_P11,2266,1524.0,1717,128
DBD:Jerala_P4:AD:Jerala_P12,3052,268.0,1136,15557
DBD:Jerala_P5:AD:Jerala_P1,3203,221.0,3504,184
DBD:Jerala_P5:AD:Jerala_P2,4294,280.0,3895,255
DBD:Jerala_P5:AD:Jerala_P3,3212,230.0,2417,147
DBD:Jerala_P5:AD:Jerala_P4,2329,191.0,1255,77
DBD:Jerala_P5:AD:Jerala_P5,1320,204.0,1909,169
DBD:Jerala_P5:AD:Jerala_P6,1203,21659.0,2184,9798
DBD:Jerala_P5:AD:Jerala_P7,3083,347.0,6117,342
DBD:Jerala_P5:AD:Jerala_P8,2649,196.0,2363,153
DBD:Jerala_P5:AD:Jerala_P9,2917,257.0,2292,143
DBD:Jerala_P5:AD:Jerala_P10,2038,135.0,5026,270
DBD:Jerala_P5:AD:Jerala_P11,2945,871.0,1664,89
DBD:Jerala_P5:AD:Jerala_P12,3141,283.0,3938,221
DBD:Jerala_P6:AD:Jerala_P1,2453,166.0,2680,152
DBD:Jerala_P6:AD:Jerala_P2,2679,1363.0,2270,149
DBD:Jerala_P6:AD:Jerala_P3,2999,230.0,1166,75
DBD:Jerala_P6:AD:Jerala_P4,1449,119.0,1061,66
DBD:Jerala_P6:AD:Jerala_P5,1663,3625.0,1499,332
DBD:Jerala_P6:AD:Jerala_P6,23,6.0,6,2
DBD:Jerala_P6:AD:Jerala_P7,3166,244.0,1850,115
DBD:Jerala_P6:AD:Jerala_P8,2849,193.0,1720,117
DBD:Jerala_P6:AD:Jerala_P9,1546,2437.0,1299,95
DBD:Jerala_P6:AD:Jerala_P10,2524,159.0,741,44
DBD:Jerala_P6:AD:Jerala_P11,2376,196.0,2009,111
DBD:Jerala_P6:AD:Jerala_P12,1919,140.0,1407,91
DBD:Jerala_P7:AD:Jerala_P1,1688,122.0,1340,72
DBD:Jerala_P7:AD:Jerala_P2,2073,117.0,2149,119
DBD:Jerala_P7:AD:Jerala_P3,1745,135.0,1483,92
DBD:Jerala_P7:AD:Jerala_P4,1048,80.0,1347,88
DBD:Jerala_P7:AD:Jerala_P5,3027,221.0,2053,107
DBD:Jerala_P7:AD:Jerala_P6,2176,157.0,1417,95
DBD:Jerala_P7:AD:Jerala_P7,1564,144.0,1508,100
DBD:Jerala_P7:AD:Jerala_P8,2019,3266.0,1392,746
DBD:Jerala_P7:AD:Jerala_P9,2028,141.0,983,56
DBD:Jerala_P7:AD:Jerala_P10,1334,124.0,1790,110
DBD:Jerala_P7:AD:Jerala_P11,2102,1348.0,1954,136
DBD:Jerala_P7:AD:Jerala_P12,2541,201.0,1444,75
DBD:Jerala_P8:AD:Jerala_P1,3013,238.0,4876,313
DBD:Jerala_P8:AD:Jerala_P2,3599,276.0,3787,315
DBD:Jerala_P8:AD:Jerala_P3,2486,189.0,1757,89
DBD:Jerala_P8:AD:Jerala_P4,2153,171.0,2412,169
DBD:Jerala_P8:AD:Jerala_P5,3406,243.0,2825,171
DBD:Jerala_P8:AD:Jerala_P6,2744,259.0,4016,254
DBD:Jerala_P8:AD:Jerala_P7,2071,29996.0,2410,18154
DBD:Jerala_P8:AD:Jerala_P8,3,0.0,6,2
DBD:Jerala_P8:AD:Jerala_P9,3133,260.0,3173,209
DBD:Jerala_P8:AD:Jerala_P10,1600,1096.0,3672,228
DBD:Jerala_P8:AD:Jerala_P11,2190,176.0,3954,220
DBD:Jerala_P8:AD:Jerala_P12,3965,370.0,3632,164
DBD:Jerala_P9:AD:Jerala_P1,2816,1140.0,1977,126
DBD:Jerala_P9:AD:Jerala_P2,2271,866.0,2000,106
DBD:Jerala_P9:AD:Jerala_P3,4845,308.0,3530,163
DBD:Jerala_P9:AD:Jerala_P4,1896,102.0,1269,67
DBD:Jerala_P9:AD:Jerala_P5,7351,450.0,3753,4194
DBD:Jerala_P9:AD:Jerala_P6,3432,196.0,2971,159
DBD:Jerala_P9:AD:Jerala_P7,2664,2462.0,4101,178
DBD:Jerala_P9:AD:Jerala_P8,4258,906.0,2754,126
DBD:Jerala_P9:AD:Jerala_P9,7,15.0,6,12
DBD:Jerala_P9:AD:Jerala_P10,1339,69496.0,2408,42353
DBD:Jerala_P9:AD:Jerala_P11,2204,137.0,2956,130
DBD:Jerala_P9:AD:Jerala_P12,3540,219.0,2564,229
DBD:Jerala_P10:AD:Jerala_P1,4259,326.0,5098,337
DBD:Jerala_P10:AD:Jerala_P2,5282,415.0,6044,422
DBD:Jerala_P10:AD:Jerala_P3,6396,1021.0,4536,309
DBD:Jerala_P10:AD:Jerala_P4,1905,160.0,3674,219
DBD:Jerala_P10:AD:Jerala_P5,5595,7314.0,3297,218
DBD:Jerala_P10:AD:Jerala_P6,5601,2544.0,4966,333
DBD:Jerala_P10:AD:Jerala_P7,5186,418.0,1732,107
DBD:Jerala_P10:AD:Jerala_P8,3338,280.0,11007,741
DBD:Jerala_P10:AD:Jerala_P9,1561,59826.0,1733,70229
DBD:Jerala_P10:AD:Jerala_P10,8,8.0,4,6
DBD:Jerala_P10:AD:Jerala_P11,2959,2000.0,4496,310
DBD:Jerala_P10:AD:Jerala_P12,7001,604.0,3496,227
DBD:Jerala_P11:AD:Jerala_P1,1736,190.0,2447,188
DBD:Jerala_P11:AD:Jerala_P2,3909,383.0,1686,171
DBD:Jerala_P11:AD:Jerala_P3,2653,291.0,3184,572
DBD:Jerala_P11:AD:Jerala_P4,1747,262.0,2329,351
DBD:Jerala_P11:AD:Jerala_P5,2224,258.0,3164,6665
DBD:Jerala_P11:AD:Jerala_P6,2725,259.0,3874,272
DBD:Jerala_P11:AD:Jerala_P7,1566,478.0,3782,382
DBD:Jerala_P11:AD:Jerala_P8,2400,273.0,2516,199
DBD:Jerala_P11:AD:Jerala_P9,2218,278.0,835,78
DBD:Jerala_P11:AD:Jerala_P10,1520,2162.0,2542,389
DBD:Jerala_P11:AD:Jerala_P11,75,231.0,198,77
DBD:Jerala_P11:AD:Jerala_P12,1073,8068.0,1351,5200
DBD:Jerala_P12:AD:Jerala_P1,3432,264.0,834,50
DBD:Jerala_P12:AD:Jerala_P2,4263,289.0,3205,200
DBD:Jerala_P12:AD:Jerala_P3,3173,284.0,1265,75
DBD:Jerala_P12:AD:Jerala_P4,1707,113.0,2022,117
DBD:Jerala_P12:AD:Jerala_P5,3629,255.0,4485,274
DBD:Jerala_P12:AD:Jerala_P6,3169,220.0,3638,242
DBD:Jerala_P12:AD:Jerala_P7,3227,461.0,5175,265
DBD:Jerala_P12:AD:Jerala_P8,3097,217.0,2890,194
DBD:Jerala_P12:AD:Jerala_P9,2249,144.0,1442,241
DBD:Jerala_P12:AD:Jerala_P10,3112,496.0,3535,5395
DBD:Jerala_P12:AD:Jerala_P11,1503,35130.0,822,15002
DBD:Jerala_P12:AD:Jerala_P12,3174,353.0,1433,86
