,trp1_l62_2mM,his1_l62_2mM,trp1_l67,his1_l67
DBD:Jerala_P1:AD:Jerala_P1,5,13,4.0,0.0
DBD:Jerala_P1:AD:Jerala_P2,1523,53793,148.0,5223.0
DBD:Jerala_P1:AD:Jerala_P3,4103,210,199.0,13.0
DBD:Jerala_P1:AD:Jerala_P4,2693,167,166.0,15.0
DBD:Jerala_P1:AD:Jerala_P5,5479,289,96.0,6.0
DBD:Jerala_P1:AD:Jerala_P6,3346,184,209.0,27.0
DBD:Jerala_P1:AD:Jerala_P7,2158,3621,193.0,6.0
DBD:Jerala_P1:AD:Jerala_P8,3075,158,202.0,5.0
DBD:Jerala_P1:AD:Jerala_P9,3525,167,115.0,11.0
DBD:Jerala_P1:AD:Jerala_P10,5302,289,196.0,7.0
DBD:Jerala_P1:AD:Jerala_P11,2414,114,190.0,17.0
DBD:Jerala_P1:AD:Jerala_P12,2235,136,179.0,16.0
DBD:Jerala_P2:AD:Jerala_P1,1811,51509,76.0,1339.0
DBD:Jerala_P2:AD:Jerala_P2,23,6,2.0,1.0
DBD:Jerala_P2:AD:Jerala_P3,2610,141,252.0,7.0
DBD:Jerala_P2:AD:Jerala_P4,2812,175,147.0,97.0
DBD:Jerala_P2:AD:Jerala_P5,5276,356,278.0,32.0
DBD:Jerala_P2:AD:Jerala_P6,4938,290,192.0,2.0
DBD:Jerala_P2:AD:Jerala_P7,4089,289,109.0,5.0
DBD:Jerala_P2:AD:Jerala_P8,2798,180,187.0,12.0
DBD:Jerala_P2:AD:Jerala_P9,1772,128,91.0,5.0
DBD:Jerala_P2:AD:Jerala_P10,2418,187,98.0,4.0
DBD:Jerala_P2:AD:Jerala_P11,1720,94,162.0,12.0
DBD:Jerala_P2:AD:Jerala_P12,3162,175,120.0,4.0
DBD:Jerala_P3:AD:Jerala_P1,3445,194,202.0,11.0
DBD:Jerala_P3:AD:Jerala_P2,4677,1749,150.0,15.0
DBD:Jerala_P3:AD:Jerala_P3,1676,3723,51.0,2.0
DBD:Jerala_P3:AD:Jerala_P4,1106,11380,79.0,2683.0
DBD:Jerala_P3:AD:Jerala_P5,1660,106,106.0,39.0
DBD:Jerala_P3:AD:Jerala_P6,1552,95,210.0,7.0
DBD:Jerala_P3:AD:Jerala_P7,1893,537,134.0,6.0
DBD:Jerala_P3:AD:Jerala_P8,2795,1792,125.0,26.0
DBD:Jerala_P3:AD:Jerala_P9,1690,97,77.0,2.0
DBD:Jerala_P3:AD:Jerala_P10,3994,236,94.0,7.0
DBD:Jerala_P3:AD:Jerala_P11,912,54,175.0,5.0
DBD:Jerala_P3:AD:Jerala_P12,1037,77,53.0,0.0
DBD:Jerala_P4:AD:Jerala_P1,3790,209,248.0,20.0
DBD:Jerala_P4:AD:Jerala_P2,1817,102,145.0,4.0
DBD:Jerala_P4:AD:Jerala_P3,1087,70559,85.0,2203.0
DBD:Jerala_P4:AD:Jerala_P4,5,4,2.0,0.0
DBD:Jerala_P4:AD:Jerala_P5,4110,229,257.0,7.0
DBD:Jerala_P4:AD:Jerala_P6,1570,97,296.0,11.0
DBD:Jerala_P4:AD:Jerala_P7,2778,670,149.0,7.0
DBD:Jerala_P4:AD:Jerala_P8,2830,174,225.0,6.0
DBD:Jerala_P4:AD:Jerala_P9,1438,96,128.0,11.0
DBD:Jerala_P4:AD:Jerala_P10,4222,2446,244.0,30.0
DBD:Jerala_P4:AD:Jerala_P11,1717,128,130.0,16.0
DBD:Jerala_P4:AD:Jerala_P12,1136,15557,214.0,6.0
DBD:Jerala_P5:AD:Jerala_P1,3504,184,161.0,9.0
DBD:Jerala_P5:AD:Jerala_P2,3895,255,321.0,12.0
DBD:Jerala_P5:AD:Jerala_P3,2417,147,143.0,12.0
DBD:Jerala_P5:AD:Jerala_P4,1255,77,100.0,7.0
DBD:Jerala_P5:AD:Jerala_P5,1909,169,51.0,1.0
DBD:Jerala_P5:AD:Jerala_P6,2184,9798,220.0,5264.0
DBD:Jerala_P5:AD:Jerala_P7,6117,342,192.0,8.0
DBD:Jerala_P5:AD:Jerala_P8,2363,153,202.0,2.0
DBD:Jerala_P5:AD:Jerala_P9,2292,143,166.0,8.0
DBD:Jerala_P5:AD:Jerala_P10,5026,270,77.0,2.0
DBD:Jerala_P5:AD:Jerala_P11,1664,89,204.0,36.0
DBD:Jerala_P5:AD:Jerala_P12,3938,221,220.0,6.0
DBD:Jerala_P6:AD:Jerala_P1,2680,152,126.0,1.0
DBD:Jerala_P6:AD:Jerala_P2,2270,149,178.0,21.0
DBD:Jerala_P6:AD:Jerala_P3,1166,75,192.0,10.0
DBD:Jerala_P6:AD:Jerala_P4,1061,66,184.0,19.0
DBD:Jerala_P6:AD:Jerala_P5,1499,332,158.0,1237.0
DBD:Jerala_P6:AD:Jerala_P6,6,2,1.0,1.0
DBD:Jerala_P6:AD:Jerala_P7,1850,115,160.0,5.0
DBD:Jerala_P6:AD:Jerala_P8,1720,117,105.0,14.0
DBD:Jerala_P6:AD:Jerala_P9,1299,95,163.0,357.0
DBD:Jerala_P6:AD:Jerala_P10,741,44,164.0,374.0
DBD:Jerala_P6:AD:Jerala_P11,2009,111,122.0,14.0
DBD:Jerala_P6:AD:Jerala_P12,1407,91,219.0,11.0
DBD:Jerala_P7:AD:Jerala_P1,1340,72,47.0,1.0
DBD:Jerala_P7:AD:Jerala_P2,2149,119,158.0,8.0
DBD:Jerala_P7:AD:Jerala_P3,1483,92,162.0,5.0
DBD:Jerala_P7:AD:Jerala_P4,1347,88,193.0,11.0
DBD:Jerala_P7:AD:Jerala_P5,2053,107,63.0,14.0
DBD:Jerala_P7:AD:Jerala_P6,1417,95,140.0,4.0
DBD:Jerala_P7:AD:Jerala_P7,1508,100,68.0,1.0
DBD:Jerala_P7:AD:Jerala_P8,1392,746,92.0,2263.0
DBD:Jerala_P7:AD:Jerala_P9,983,56,160.0,11.0
DBD:Jerala_P7:AD:Jerala_P10,1790,110,58.0,3.0
DBD:Jerala_P7:AD:Jerala_P11,1954,136,92.0,5.0
DBD:Jerala_P7:AD:Jerala_P12,1444,75,157.0,6.0
DBD:Jerala_P8:AD:Jerala_P1,4876,313,143.0,4.0
DBD:Jerala_P8:AD:Jerala_P2,3787,315,228.0,7.0
DBD:Jerala_P8:AD:Jerala_P3,1757,89,235.0,159.0
DBD:Jerala_P8:AD:Jerala_P4,2412,169,130.0,2.0
DBD:Jerala_P8:AD:Jerala_P5,2825,171,140.0,5.0
DBD:Jerala_P8:AD:Jerala_P6,4016,254,208.0,14.0
DBD:Jerala_P8:AD:Jerala_P7,2410,18154,97.0,3182.0
DBD:Jerala_P8:AD:Jerala_P8,6,2,1.0,0.0
DBD:Jerala_P8:AD:Jerala_P9,3173,209,50.0,3.0
DBD:Jerala_P8:AD:Jerala_P10,3672,228,179.0,5.0
DBD:Jerala_P8:AD:Jerala_P11,3954,220,189.0,12.0
DBD:Jerala_P8:AD:Jerala_P12,3632,164,292.0,23.0
DBD:Jerala_P9:AD:Jerala_P1,1977,126,170.0,21.0
DBD:Jerala_P9:AD:Jerala_P2,2000,106,193.0,26.0
DBD:Jerala_P9:AD:Jerala_P3,3530,163,299.0,19.0
DBD:Jerala_P9:AD:Jerala_P4,1269,67,125.0,7.0
DBD:Jerala_P9:AD:Jerala_P5,3753,4194,113.0,11.0
DBD:Jerala_P9:AD:Jerala_P6,2971,159,131.0,6.0
DBD:Jerala_P9:AD:Jerala_P7,4101,178,186.0,8.0
DBD:Jerala_P9:AD:Jerala_P8,2754,126,176.0,17.0
DBD:Jerala_P9:AD:Jerala_P10,2408,42353,112.0,2876.0
DBD:Jerala_P9:AD:Jerala_P11,2956,130,153.0,7.0
DBD:Jerala_P9:AD:Jerala_P12,2564,229,259.0,13.0
DBD:Jerala_P10:AD:Jerala_P1,5098,337,192.0,15.0
DBD:Jerala_P10:AD:Jerala_P2,6044,422,166.0,9.0
DBD:Jerala_P10:AD:Jerala_P3,4536,309,505.0,59.0
DBD:Jerala_P10:AD:Jerala_P4,3674,219,135.0,5.0
DBD:Jerala_P10:AD:Jerala_P5,3297,218,234.0,6.0
DBD:Jerala_P10:AD:Jerala_P6,4966,333,256.0,33.0
DBD:Jerala_P10:AD:Jerala_P7,1732,107,294.0,13.0
DBD:Jerala_P10:AD:Jerala_P8,11007,741,187.0,6.0
DBD:Jerala_P10:AD:Jerala_P9,1733,70229,128.0,4934.0
DBD:Jerala_P10:AD:Jerala_P11,4496,310,213.0,5.0
DBD:Jerala_P10:AD:Jerala_P12,3496,227,154.0,4.0
DBD:Jerala_P11:AD:Jerala_P1,2447,188,114.0,53.0
DBD:Jerala_P11:AD:Jerala_P2,1686,171,212.0,139.0
DBD:Jerala_P11:AD:Jerala_P3,3184,572,129.0,42.0
DBD:Jerala_P11:AD:Jerala_P4,2329,351,158.0,361.0
DBD:Jerala_P11:AD:Jerala_P5,3164,6665,269.0,211.0
DBD:Jerala_P11:AD:Jerala_P6,3874,272,239.0,110.0
DBD:Jerala_P11:AD:Jerala_P7,3782,382,115.0,71.0
DBD:Jerala_P11:AD:Jerala_P8,2516,199,159.0,71.0
DBD:Jerala_P11:AD:Jerala_P9,835,78,61.0,5.0
DBD:Jerala_P11:AD:Jerala_P10,2542,389,152.0,61.0
DBD:Jerala_P11:AD:Jerala_P11,198,77,19.0,6.0
DBD:Jerala_P11:AD:Jerala_P12,1351,5200,35.0,705.0
DBD:Jerala_P12:AD:Jerala_P1,834,50,192.0,9.0
DBD:Jerala_P12:AD:Jerala_P2,3205,200,152.0,3.0
DBD:Jerala_P12:AD:Jerala_P3,1265,75,137.0,156.0
DBD:Jerala_P12:AD:Jerala_P4,2022,117,203.0,12.0
DBD:Jerala_P12:AD:Jerala_P5,4485,274,152.0,8.0
DBD:Jerala_P12:AD:Jerala_P6,3638,242,278.0,13.0
DBD:Jerala_P12:AD:Jerala_P7,5175,265,206.0,8.0
DBD:Jerala_P12:AD:Jerala_P8,2890,194,197.0,6.0
DBD:Jerala_P12:AD:Jerala_P9,1442,241,60.0,2.0
DBD:Jerala_P12:AD:Jerala_P10,3535,5395,201.0,8.0
DBD:Jerala_P12:AD:Jerala_P11,822,15002,121.0,2719.0
DBD:Jerala_P12:AD:Jerala_P12,1433,86,104.0,1.0
